{
  "city": "Agra",
  "station_idx": "@8186",
  "trained_at": "2026-05-11T11:27:59.472530+00:00",
  "series_length": 144,
  "lookback_hours": 24,
  "forecast_horizons": [
    4,
    6,
    12,
    24
  ],
  "series_min": 107.52810496263722,
  "series_max": 166.8841452478227,
  "val_loss": 0.04729917272925377,
  "val_mae": 0.1823301613330841
}