{
  "city": "Ahmedabad",
  "station_idx": "@12475",
  "trained_at": "2026-05-11T11:27:12.682223+00:00",
  "series_length": 136,
  "lookback_hours": 24,
  "forecast_horizons": [
    4,
    6,
    12,
    24
  ],
  "series_min": 7.700435536481433,
  "series_max": 56.8373514477385,
  "val_loss": 0.014182690531015396,
  "val_mae": 0.10050088912248611
}