{
  "city": "Amritsar",
  "station_idx": "@11321",
  "trained_at": "2026-05-11T11:28:34.251604+00:00",
  "series_length": 144,
  "lookback_hours": 24,
  "forecast_horizons": [
    4,
    6,
    12,
    24
  ],
  "series_min": 92.7673904205119,
  "series_max": 155.935539458608,
  "val_loss": 0.07430094480514526,
  "val_mae": 0.23450806736946106
}