{
  "city": "bangalore",
  "station_idx": "@9546",
  "trained_at": "2026-05-11T11:16:50.182730+00:00",
  "series_length": 136,
  "lookback_hours": 24,
  "forecast_horizons": [
    4,
    6,
    12,
    24
  ],
  "series_min": 7.225008153888293,
  "series_max": 144.5616176651869,
  "val_loss": 0.18000809848308563,
  "val_mae": 0.3477236032485962
}