{
  "city": "Bengaluru",
  "station_idx": "@11270",
  "trained_at": "2026-05-11T11:26:49.362533+00:00",
  "series_length": 144,
  "lookback_hours": 24,
  "forecast_horizons": [
    4,
    6,
    12,
    24
  ],
  "series_min": 50.932819546465694,
  "series_max": 116.20190464593048,
  "val_loss": 0.059952277690172195,
  "val_mae": 0.2007753551006317
}