{
  "city": "Bhopal",
  "station_idx": "@12429",
  "trained_at": "2026-05-11T11:28:11.784555+00:00",
  "series_length": 144,
  "lookback_hours": 24,
  "forecast_horizons": [
    4,
    6,
    12,
    24
  ],
  "series_min": 61.568276135811246,
  "series_max": 144.70772587942372,
  "val_loss": 0.08044441789388657,
  "val_mae": 0.2210959494113922
}