{
  "city": "Chandigarh",
  "station_idx": "@13741",
  "trained_at": "2026-05-11T11:28:20.413812+00:00",
  "series_length": 144,
  "lookback_hours": 24,
  "forecast_horizons": [
    4,
    6,
    12,
    24
  ],
  "series_min": 66.19044120035171,
  "series_max": 150.1270733759198,
  "val_loss": 0.03332885727286339,
  "val_mae": 0.13685229420661926
}