{
  "city": "Chennai",
  "station_idx": "@5755",
  "trained_at": "2026-05-11T11:26:55.222627+00:00",
  "series_length": 112,
  "lookback_hours": 24,
  "forecast_horizons": [
    4,
    6,
    12,
    24
  ],
  "series_min": 11.245322895700934,
  "series_max": 61.9983861240112,
  "val_loss": 0.033950839191675186,
  "val_mae": 0.1548537164926529
}