{
  "city": "Coimbatore",
  "station_idx": "@11847",
  "trained_at": "2026-05-11T11:28:57.699091+00:00",
  "series_length": 144,
  "lookback_hours": 24,
  "forecast_horizons": [
    4,
    6,
    12,
    24
  ],
  "series_min": 34.77471645715622,
  "series_max": 115.403396298088,
  "val_loss": 0.01183415949344635,
  "val_mae": 0.08524546772241592
}