{
  "city": "Dehradun",
  "station_idx": "@14698",
  "trained_at": "2026-05-11T11:29:05.831360+00:00",
  "series_length": 144,
  "lookback_hours": 24,
  "forecast_horizons": [
    4,
    6,
    12,
    24
  ],
  "series_min": 60.17694070844003,
  "series_max": 141.30152936502867,
  "val_loss": 0.024805912747979164,
  "val_mae": 0.1123402938246727
}