{
  "city": "Faridabad",
  "station_idx": "@12481",
  "trained_at": "2026-05-11T11:26:14.967887+00:00",
  "series_length": 136,
  "lookback_hours": 24,
  "forecast_horizons": [
    4,
    6,
    12,
    24
  ],
  "series_min": 6.639323940299068,
  "series_max": 40.83531217172928,
  "val_loss": 0.021921569481492043,
  "val_mae": 0.11664514988660812
}