{
  "city": "Guwahati",
  "station_idx": "@13729",
  "trained_at": "2026-05-11T11:29:16.024712+00:00",
  "series_length": 144,
  "lookback_hours": 24,
  "forecast_horizons": [
    4,
    6,
    12,
    24
  ],
  "series_min": 52.64284644450081,
  "series_max": 157.2492981964334,
  "val_loss": 0.03734447434544563,
  "val_mae": 0.15443018078804016
}