{
  "city": "Jodhpur",
  "station_idx": "@12433",
  "trained_at": "2026-05-11T11:27:27.501740+00:00",
  "series_length": 144,
  "lookback_hours": 24,
  "forecast_horizons": [
    4,
    6,
    12,
    24
  ],
  "series_min": 54.899852189712895,
  "series_max": 151.30875580805045,
  "val_loss": 0.07926805317401886,
  "val_mae": 0.24221765995025635
}