{
  "city": "Kanpur",
  "station_idx": "@13727",
  "trained_at": "2026-05-11T11:27:44.261430+00:00",
  "series_length": 144,
  "lookback_hours": 24,
  "forecast_horizons": [
    4,
    6,
    12,
    24
  ],
  "series_min": 60.50257913434996,
  "series_max": 161.46863148806102,
  "val_loss": 0.0029768182430416346,
  "val_mae": 0.04641775041818619
}