{
  "city": "Kochi",
  "station_idx": "@2084",
  "trained_at": "2026-05-11T11:28:44.546134+00:00",
  "series_length": 136,
  "lookback_hours": 24,
  "forecast_horizons": [
    4,
    6,
    12,
    24
  ],
  "series_min": 5.0,
  "series_max": 79.28864778491986,
  "val_loss": 0.12951210141181946,
  "val_mae": 0.30577266216278076
}