{
  "city": "Mumbai",
  "station_idx": "@12479",
  "trained_at": "2026-05-11T11:26:26.850163+00:00",
  "series_length": 120,
  "lookback_hours": 24,
  "forecast_horizons": [
    4,
    6,
    12,
    24
  ],
  "series_min": 7.041120061919796,
  "series_max": 31.780391606650554,
  "val_loss": 0.0692412406206131,
  "val_mae": 0.2340598702430725
}