{
  "city": "Nagpur",
  "station_idx": "@12444",
  "trained_at": "2026-05-11T11:26:40.777308+00:00",
  "series_length": 144,
  "lookback_hours": 24,
  "forecast_horizons": [
    4,
    6,
    12,
    24
  ],
  "series_min": 66.92430982467505,
  "series_max": 140.9021625627996,
  "val_loss": 0.10334892570972443,
  "val_mae": 0.26824647188186646
}