{
  "city": "Thiruvananthapuram",
  "station_idx": "@9585",
  "trained_at": "2026-05-11T11:28:50.610962+00:00",
  "series_length": 144,
  "lookback_hours": 24,
  "forecast_horizons": [
    4,
    6,
    12,
    24
  ],
  "series_min": 19.63758028629967,
  "series_max": 116.55197252490382,
  "val_loss": 0.013823634013533592,
  "val_mae": 0.0987291932106018
}