{
  "city": "Varanasi",
  "station_idx": "@13690",
  "trained_at": "2026-05-11T11:27:51.232994+00:00",
  "series_length": 144,
  "lookback_hours": 24,
  "forecast_horizons": [
    4,
    6,
    12,
    24
  ],
  "series_min": 83.54891004519921,
  "series_max": 161.8171565913413,
  "val_loss": 0.0038803834468126297,
  "val_mae": 0.04698759689927101
}